date,pnl
2013-01-02,1000000.0
2013-01-03,1000000.0
2013-01-04,1000000.0
2013-01-07,1000000.0
2013-01-08,1000000.0
2013-01-09,1000000.0
2013-01-10,1000000.0
2013-01-11,1000000.0
2013-01-14,1000000.0
2013-01-15,1000000.0
2013-01-16,1000000.0
2013-01-17,1000000.0
2013-01-18,1000000.0
2013-01-22,1000000.0
2013-01-23,1000000.0
2013-01-24,1000000.0
2013-01-25,1000000.0
2013-01-28,1000000.0
2013-01-29,1000000.0
2013-01-30,1000000.0
2013-01-31,1000000.0
2013-02-01,1000000.0
2013-02-04,1000000.0
2013-02-05,1000000.0
2013-02-06,1000000.0
2013-02-07,1000000.0
2013-02-08,1000000.0
2013-02-11,1000000.0
2013-02-12,1000000.0
2013-02-13,1000385.0
2013-02-14,1001145.0
2013-02-15,1001145.0
2013-02-19,1002115.0
2013-02-20,1002115.0
2013-02-21,1002115.0
2013-02-22,1001675.0
2013-02-25,1001675.0
2013-02-26,1001675.0
2013-02-27,1002900.0
2013-02-28,1002900.0
2013-03-01,1001720.0
2013-03-04,1001720.0
2013-03-05,1002475.0
2013-03-06,1002475.0
2013-03-07,1002475.0
2013-03-08,1002475.0
2013-03-11,1002475.0
2013-03-12,1002475.0
2013-03-13,1002475.0
2013-03-14,1002475.0
2013-03-15,1002475.0
2013-03-18,1002475.0
2013-03-19,1002475.0
2013-03-20,1002475.0
2013-03-21,1004065.0
2013-03-22,1004065.0
2013-03-25,1004065.0
2013-03-26,1004065.0
2013-03-27,1004065.0
2013-03-28,1004065.0
2013-04-01,1004065.0
2013-04-02,1004065.0
2013-04-03,1005395.0
2013-04-04,1005395.0
2013-04-05,1005395.0
2013-04-08,1005395.0
2013-04-09,1006575.0
2013-04-10,1006575.0
2013-04-11,1006575.0
2013-04-12,1010275.0
2013-04-15,1010275.0
2013-04-16,1010275.0
2013-04-17,1010275.0
2013-04-18,1010275.0
2013-04-19,1010275.0
2013-04-22,1007436.0
2013-04-23,1007436.0
2013-04-24,1007436.0
2013-04-25,1007436.0
2013-04-26,1007436.0
2013-04-29,1007436.0
2013-04-30,1007436.0
2013-05-01,1007436.0
2013-05-02,1007436.0
2013-05-03,1007436.0
2013-05-06,1007436.0
2013-05-07,1007436.0
2013-05-08,1007436.0
2013-05-09,1007436.0
2013-05-10,1007436.0
2013-05-13,1007436.0
2013-05-14,1007436.0
2013-05-15,1007436.0
2013-05-16,1007436.0
2013-05-17,1007436.0
2013-05-20,1007436.0
2013-05-21,1007436.0
2013-05-22,1007436.0
2013-05-23,1007436.0
2013-05-24,1007436.0
2013-05-28,1011526.0
2013-05-29,1011526.0
2013-05-30,1011526.0
2013-05-31,1011526.0
2013-06-03,1011526.0
2013-06-04,1011526.0
2013-06-05,1011526.0
2013-06-06,1011526.0
2013-06-07,1011526.0
2013-06-10,1011526.0
2013-06-11,1014096.0
2013-06-12,1014096.0
2013-06-13,1021006.0
2013-06-14,1017679.0
2013-06-17,1022699.0
2013-06-18,1022699.0
2013-06-19,1024354.0
2013-06-20,1024354.0
2013-06-21,1024354.0
2013-06-24,1017173.0
2013-06-25,1017173.0
2013-06-26,1017173.0
2013-06-27,1017173.0
2013-06-28,1011929.0
2013-07-01,1011929.0
2013-07-02,1011929.0
2013-07-03,1011929.0
2013-07-05,1010807.0
2013-07-08,1010807.0
2013-07-09,1010807.0
2013-07-10,1010807.0
2013-07-11,1010807.0
2013-07-12,1010807.0
2013-07-15,1010807.0
2013-07-16,1010807.0
2013-07-17,1010807.0
2013-07-18,1010807.0
2013-07-19,1010807.0
2013-07-22,1010807.0
2013-07-23,1010807.0
2013-07-24,1010807.0
2013-07-25,1010807.0
2013-07-26,1010807.0
2013-07-29,1011842.0
2013-07-30,1011842.0
2013-07-31,1011842.0
2013-08-01,1011842.0
2013-08-02,1011842.0
2013-08-05,1011842.0
2013-08-06,1011842.0
2013-08-07,1011842.0
2013-08-08,1011842.0
2013-08-09,1011842.0
2013-08-12,1011842.0
2013-08-13,1011842.0
2013-08-14,1012317.0
2013-08-15,1012317.0
2013-08-16,1012317.0
2013-08-19,1009949.0
2013-08-20,1009949.0
2013-08-21,1009949.0
2013-08-22,1009949.0
2013-08-23,1010954.0
2013-08-26,1010954.0
2013-08-27,1010954.0
2013-08-28,1010954.0
2013-08-29,1010954.0
2013-08-30,1007751.0
2013-09-03,1007751.0
2013-09-04,1007751.0
2013-09-05,1007751.0
2013-09-06,1007751.0
2013-09-09,1007751.0
2013-09-10,1012891.0
2013-09-11,1013561.0
2013-09-12,1015501.0
2013-09-13,1015300.0
2013-09-16,1015300.0
2013-09-17,1016970.0
2013-09-18,1016970.0
2013-09-19,1016970.0
2013-09-20,1016970.0
2013-09-23,1016970.0
2013-09-24,1016970.0
2013-09-25,1016970.0
2013-09-26,1024815.0
2013-09-27,1024815.0
2013-09-30,1022125.0
2013-10-01,1022125.0
2013-10-02,1022125.0
2013-10-03,1022125.0
2013-10-04,1021175.0
2013-10-07,1021175.0
2013-10-08,1021175.0
2013-10-09,1021175.0
2013-10-10,1021175.0
2013-10-11,1021175.0
2013-10-14,1025970.0
2013-10-15,1025970.0
2013-10-16,1025970.0
2013-10-17,1025970.0
2013-10-18,1025970.0
2013-10-21,1025970.0
2013-10-22,1025970.0
2013-10-23,1025970.0
2013-10-24,1025970.0
2013-10-25,1025970.0
2013-10-28,1025970.0
2013-10-29,1025970.0
2013-10-30,1025970.0
2013-10-31,1025970.0
2013-11-01,1025970.0
2013-11-04,1025970.0
2013-11-05,1025970.0
2013-11-06,1025970.0
2013-11-07,1025970.0
2013-11-08,1025970.0
2013-11-11,1025970.0
2013-11-12,1025970.0
2013-11-13,1025970.0
2013-11-14,1025970.0
2013-11-15,1025970.0
2013-11-18,1025970.0
2013-11-19,1025970.0
2013-11-20,1025970.0
2013-11-21,1025970.0
2013-11-22,1025970.0
2013-11-25,1025970.0
2013-11-26,1025970.0
2013-11-27,1025970.0
2013-11-29,1027480.0
2013-12-02,1027480.0
2013-12-03,1027480.0
2013-12-04,1027480.0
2013-12-05,1027480.0
2013-12-06,1035210.0
2013-12-09,1041770.0
2013-12-10,1041770.0
2013-12-11,1041770.0
2013-12-12,1041770.0
2013-12-13,1035334.0
2013-12-16,1035334.0
2013-12-17,1035334.0
2013-12-18,1035334.0
2013-12-19,1035334.0
2013-12-20,1037544.0
2013-12-23,1037504.0
2013-12-24,1037504.0
2013-12-26,1037504.0
2013-12-27,1037504.0
2013-12-30,1042564.0
2013-12-31,1044524.0
2014-01-02,1044524.0
2014-01-03,1046404.0
2014-01-06,1048789.0
2014-01-07,1048789.0
2014-01-08,1048789.0
2014-01-09,1048789.0
2014-01-10,1048789.0
2014-01-13,1054744.0
2014-01-14,1054744.0
2014-01-15,1054744.0
2014-01-16,1054744.0
2014-01-17,1054744.0
2014-01-21,1054333.0
2014-01-22,1054333.0
2014-01-23,1055743.0
2014-01-24,1043244.0
2014-01-27,1045909.0
2014-01-28,1045909.0
2014-01-29,1052019.0
2014-01-30,1053694.0
2014-01-31,1045212.0
2014-02-03,1045212.0
2014-02-04,1048282.0
2014-02-05,1051752.0
2014-02-06,1053662.0
2014-02-07,1051364.0
2014-02-10,1051364.0
2014-02-11,1051364.0
2014-02-12,1051364.0
2014-02-13,1051364.0
2014-02-14,1051364.0
2014-02-18,1051364.0
2014-02-19,1051364.0
2014-02-20,1051364.0
2014-02-21,1051364.0
2014-02-24,1051364.0
2014-02-25,1051364.0
2014-02-26,1051364.0
2014-02-27,1051364.0
2014-02-28,1051364.0
2014-03-03,1052664.0
2014-03-04,1052664.0
2014-03-05,1052664.0
2014-03-06,1052664.0
2014-03-07,1052664.0
2014-03-10,1052664.0
2014-03-11,1052664.0
2014-03-12,1052664.0
2014-03-13,1052664.0
2014-03-14,1060849.0
2014-03-17,1062844.0
2014-03-18,1062844.0
2014-03-19,1068639.0
2014-03-20,1068639.0
2014-03-21,1073599.0
2014-03-24,1073599.0
2014-03-25,1073599.0
2014-03-26,1073599.0
2014-03-27,1074554.0
2014-03-28,1073578.0
2014-03-31,1073578.0
2014-04-01,1073578.0
2014-04-02,1076028.0
2014-04-03,1077343.0
2014-04-04,1081158.0
2014-04-07,1082863.0
2014-04-08,1082863.0
2014-04-09,1082863.0
2014-04-10,1082863.0
2014-04-11,1071639.0
2014-04-14,1078754.0
2014-04-15,1078754.0
2014-04-16,1078754.0
2014-04-17,1078754.0
2014-04-21,1078485.0
2014-04-22,1078485.0
2014-04-23,1078485.0
2014-04-24,1078485.0
2014-04-25,1078485.0
2014-04-28,1079665.0
2014-04-29,1079665.0
2014-04-30,1079665.0
2014-05-01,1079665.0
2014-05-02,1078779.0
2014-05-05,1078779.0
2014-05-06,1078779.0
2014-05-07,1078779.0
2014-05-08,1079299.0
2014-05-09,1079299.0
2014-05-12,1079299.0
2014-05-13,1079299.0
2014-05-14,1079299.0
2014-05-15,1079299.0
2014-05-16,1079299.0
2014-05-19,1079299.0
2014-05-20,1079299.0
2014-05-21,1079299.0
2014-05-22,1079299.0
2014-05-23,1079299.0
2014-05-27,1079904.0
2014-05-28,1082204.0
2014-05-29,1086729.0
2014-05-30,1086729.0
2014-06-02,1090939.0
2014-06-03,1093999.0
2014-06-04,1093999.0
2014-06-05,1102974.0
2014-06-06,1106974.0
2014-06-09,1107659.0
2014-06-10,1107659.0
2014-06-11,1114804.0
2014-06-12,1118079.0
2014-06-13,1124436.0
2014-06-16,1124436.0
2014-06-17,1124436.0
2014-06-18,1124436.0
2014-06-19,1124436.0
2014-06-20,1124436.0
2014-06-23,1124436.0
2014-06-24,1124436.0
2014-06-25,1129281.0
2014-06-26,1129281.0
2014-06-27,1129281.0
2014-06-30,1129281.0
2014-07-01,1130351.0
2014-07-02,1130351.0
2014-07-03,1133116.0
2014-07-07,1133116.0
2014-07-08,1133116.0
2014-07-09,1133116.0
2014-07-10,1133116.0
2014-07-11,1132373.0
2014-07-14,1132373.0
2014-07-15,1133528.0
2014-07-16,1134913.0
2014-07-17,1134913.0
2014-07-18,1134913.0
2014-07-21,1133909.0
2014-07-22,1133909.0
2014-07-23,1133909.0
2014-07-24,1133909.0
2014-07-25,1140402.0
2014-07-28,1140402.0
2014-07-29,1140402.0
2014-07-30,1140402.0
2014-07-31,1140402.0
2014-08-01,1134917.0
2014-08-04,1141607.0
2014-08-05,1141607.0
2014-08-06,1141607.0
2014-08-07,1141607.0
2014-08-08,1139175.0
2014-08-11,1144145.0
2014-08-12,1144145.0
2014-08-13,1144145.0
2014-08-14,1144145.0
2014-08-15,1144145.0
2014-08-18,1139681.0
2014-08-19,1139681.0
2014-08-20,1139681.0
2014-08-21,1139681.0
2014-08-22,1139681.0
2014-08-25,1139681.0
2014-08-26,1139681.0
2014-08-27,1139681.0
2014-08-28,1139681.0
2014-08-29,1139681.0
2014-09-02,1139681.0
2014-09-03,1140311.0
2014-09-04,1140311.0
2014-09-05,1140311.0
2014-09-08,1140311.0
2014-09-09,1140311.0
2014-09-10,1140311.0
2014-09-11,1140311.0
2014-09-12,1140311.0
2014-09-15,1140311.0
2014-09-16,1140311.0
2014-09-17,1140311.0
2014-09-18,1141471.0
2014-09-19,1142281.0
2014-09-22,1142281.0
2014-09-23,1142281.0
2014-09-24,1142281.0
2014-09-25,1142281.0
2014-09-26,1139566.0
2014-09-29,1139566.0
2014-09-30,1135795.0
2014-10-01,1135795.0
2014-10-02,1135795.0
2014-10-03,1135795.0
2014-10-06,1135795.0
2014-10-07,1135795.0
2014-10-08,1136705.0
2014-10-09,1146375.0
2014-10-10,1139988.0
2014-10-13,1139988.0
2014-10-14,1139988.0
2014-10-15,1139988.0
2014-10-16,1139988.0
2014-10-17,1143818.0
2014-10-20,1145413.0
2014-10-21,1145413.0
2014-10-22,1145413.0
2014-10-23,1146183.0
2014-10-24,1146183.0
2014-10-27,1146183.0
2014-10-28,1146183.0
2014-10-29,1146183.0
2014-10-30,1146183.0
2014-10-31,1146183.0
2014-11-03,1146183.0
2014-11-04,1146183.0
2014-11-05,1146183.0
2014-11-06,1146183.0
2014-11-07,1146183.0
2014-11-10,1146183.0
2014-11-11,1146183.0
2014-11-12,1146183.0
2014-11-13,1146183.0
2014-11-14,1146183.0
2014-11-17,1146183.0
2014-11-18,1146183.0
2014-11-19,1146183.0
2014-11-20,1146183.0
2014-11-21,1146183.0
2014-11-24,1146183.0
2014-11-25,1146183.0
2014-11-26,1146183.0
2014-11-28,1146183.0
2014-12-01,1153328.0
2014-12-02,1153328.0
2014-12-03,1153328.0
2014-12-04,1153328.0
2014-12-05,1154308.0
2014-12-08,1154308.0
2014-12-09,1154308.0
2014-12-10,1154308.0
2014-12-11,1154308.0
2014-12-12,1141774.0
2014-12-15,1141774.0
2014-12-16,1141774.0
2014-12-17,1141774.0
2014-12-18,1141774.0
2014-12-19,1141774.0
2014-12-22,1141774.0
2014-12-23,1141774.0
2014-12-24,1141774.0
2014-12-26,1141774.0
2014-12-29,1141774.0
2014-12-30,1141774.0
2014-12-31,1141774.0
2015-01-02,1141774.0
2015-01-05,1141774.0
2015-01-06,1141774.0
2015-01-07,1141774.0
2015-01-08,1141774.0
2015-01-09,1141774.0
2015-01-12,1141774.0
2015-01-13,1141774.0
2015-01-14,1147594.0
2015-01-15,1147594.0
2015-01-16,1149864.0
2015-01-20,1149864.0
2015-01-21,1149864.0
2015-01-22,1149864.0
2015-01-23,1149864.0
2015-01-26,1149864.0
2015-01-27,1149864.0
2015-01-28,1149864.0
2015-01-29,1150684.0
2015-01-30,1150117.0
2015-02-02,1150117.0
2015-02-03,1150117.0
2015-02-04,1150117.0
2015-02-05,1150117.0
2015-02-06,1150117.0
2015-02-09,1150117.0
2015-02-10,1150117.0
2015-02-11,1150117.0
2015-02-12,1150117.0
2015-02-13,1150117.0
2015-02-17,1150117.0
2015-02-18,1150117.0
2015-02-19,1150117.0
2015-02-20,1150117.0
2015-02-23,1150117.0
2015-02-24,1150117.0
2015-02-25,1150117.0
2015-02-26,1150117.0
2015-02-27,1150117.0
2015-03-02,1150117.0
2015-03-03,1150117.0
2015-03-04,1150117.0
2015-03-05,1150117.0
2015-03-06,1150117.0
2015-03-09,1150117.0
2015-03-10,1152127.0
2015-03-11,1164137.0
2015-03-12,1165832.0
2015-03-13,1178562.0
2015-03-16,1180642.0
2015-03-17,1183782.0
2015-03-18,1183782.0
2015-03-19,1183782.0
2015-03-20,1183782.0
2015-03-23,1183782.0
2015-03-24,1183782.0
2015-03-25,1184667.0
2015-03-26,1190802.0
2015-03-27,1191169.0
2015-03-30,1191169.0
2015-03-31,1191169.0
2015-04-01,1191879.0
2015-04-02,1191879.0
2015-04-06,1191879.0
2015-04-07,1191879.0
2015-04-08,1191879.0
2015-04-09,1191879.0
2015-04-10,1191879.0
2015-04-13,1191879.0
2015-04-14,1191879.0
2015-04-15,1191879.0
2015-04-16,1191879.0
2015-04-17,1191879.0
2015-04-20,1191879.0
2015-04-21,1191879.0
2015-04-22,1191879.0
2015-04-23,1191879.0
2015-04-24,1191879.0
2015-04-27,1194044.0
2015-04-28,1194824.0
2015-04-29,1196349.0
2015-04-30,1194251.0
2015-05-01,1194080.0
2015-05-04,1194080.0
2015-05-05,1196585.0
2015-05-06,1196585.0
2015-05-07,1196585.0
2015-05-08,1196585.0
2015-05-11,1196585.0
2015-05-12,1201085.0
2015-05-13,1204200.0
2015-05-14,1204200.0
2015-05-15,1204200.0
2015-05-18,1204200.0
2015-05-19,1204200.0
2015-05-20,1204200.0
2015-05-21,1204200.0
2015-05-22,1204200.0
2015-05-26,1208805.0
2015-05-27,1208805.0
2015-05-28,1208805.0
2015-05-29,1208805.0
2015-06-01,1216290.0
2015-06-02,1219405.0
2015-06-03,1231810.0
2015-06-04,1231810.0
2015-06-05,1229876.0
2015-06-08,1229876.0
2015-06-09,1229876.0
2015-06-10,1229876.0
2015-06-11,1229876.0
2015-06-12,1235424.0
2015-06-15,1235424.0
2015-06-16,1235424.0
2015-06-17,1235424.0
2015-06-18,1243334.0
2015-06-19,1243334.0
2015-06-22,1243334.0
2015-06-23,1244239.0
2015-06-24,1251749.0
2015-06-25,1251749.0
2015-06-26,1245345.0
2015-06-29,1245345.0
2015-06-30,1226589.0
2015-07-01,1226589.0
2015-07-02,1213301.0
2015-07-06,1213301.0
2015-07-07,1213301.0
2015-07-08,1213301.0
2015-07-09,1213301.0
2015-07-10,1216665.0
2015-07-13,1216665.0
2015-07-14,1216665.0
2015-07-15,1216665.0
2015-07-16,1216665.0
2015-07-17,1216665.0
2015-07-20,1216665.0
2015-07-21,1216665.0
2015-07-22,1216665.0
2015-07-23,1216665.0
2015-07-24,1213630.0
2015-07-27,1213630.0
2015-07-28,1213630.0
2015-07-29,1213630.0
2015-07-30,1213630.0
2015-07-31,1213630.0
2015-08-03,1213630.0
2015-08-04,1213630.0
2015-08-05,1213630.0
2015-08-06,1213630.0
2015-08-07,1213630.0
2015-08-10,1213630.0
2015-08-11,1214745.0
2015-08-12,1216435.0
2015-08-13,1216435.0
2015-08-14,1216435.0
2015-08-17,1216435.0
2015-08-18,1216435.0
2015-08-19,1219570.0
2015-08-20,1219570.0
2015-08-21,1214643.0
2015-08-24,1214643.0
2015-08-25,1214643.0
2015-08-26,1224553.0
2015-08-27,1224553.0
2015-08-28,1224553.0
2015-08-31,1224553.0
2015-09-01,1224553.0
2015-09-02,1226353.0
2015-09-03,1226353.0
2015-09-04,1223475.0
2015-09-08,1223475.0
2015-09-09,1223475.0
2015-09-10,1223475.0
2015-09-11,1223475.0
2015-09-14,1223475.0
2015-09-15,1223475.0
2015-09-16,1223475.0
2015-09-17,1223475.0
2015-09-18,1214495.0
2015-09-21,1214495.0
2015-09-22,1214495.0
2015-09-23,1214495.0
2015-09-24,1214495.0
2015-09-25,1214495.0
2015-09-28,1214495.0
2015-09-29,1214495.0
2015-09-30,1214495.0
2015-10-01,1214495.0
2015-10-02,1214495.0
2015-10-05,1214495.0
2015-10-06,1214495.0
2015-10-07,1214495.0
2015-10-08,1214495.0
2015-10-09,1214495.0
2015-10-12,1214495.0
2015-10-13,1214495.0
2015-10-14,1214495.0
2015-10-15,1214495.0
2015-10-16,1214495.0
2015-10-19,1214495.0
2015-10-20,1214495.0
2015-10-21,1214495.0
2015-10-22,1214495.0
2015-10-23,1214495.0
2015-10-26,1214495.0
2015-10-27,1214495.0
2015-10-28,1214495.0
2015-10-29,1214495.0
2015-10-30,1214495.0
2015-11-02,1214495.0
2015-11-03,1214495.0
2015-11-04,1214495.0
2015-11-05,1214495.0
2015-11-06,1214495.0
2015-11-09,1214495.0
2015-11-10,1215525.0
2015-11-11,1215525.0
2015-11-12,1222340.0
2015-11-13,1216644.0
2015-11-16,1216644.0
2015-11-17,1225004.0
2015-11-18,1225004.0
2015-11-19,1225004.0
2015-11-20,1225004.0
2015-11-23,1225004.0
2015-11-24,1225004.0
2015-11-25,1225004.0
2015-11-27,1225004.0
2015-11-30,1225004.0
2015-12-01,1225004.0
2015-12-02,1225004.0
2015-12-03,1232054.0
2015-12-04,1232054.0
2015-12-07,1232054.0
2015-12-08,1232054.0
2015-12-09,1232054.0
2015-12-10,1232054.0
2015-12-11,1225028.0
2015-12-14,1225028.0
2015-12-15,1232283.0
2015-12-16,1232283.0
2015-12-17,1232283.0
2015-12-18,1232283.0
2015-12-21,1232283.0
2015-12-22,1232283.0
2015-12-23,1232283.0
2015-12-24,1232283.0
2015-12-28,1232283.0
2015-12-29,1232283.0
2015-12-30,1232283.0
2015-12-31,1231571.0
2016-01-04,1231571.0
2016-01-05,1233981.0
2016-01-06,1236466.0
2016-01-07,1248996.0
2016-01-08,1236699.0
2016-01-11,1236699.0
2016-01-12,1236699.0
2016-01-13,1242989.0
2016-01-14,1242989.0
2016-01-15,1235517.0
2016-01-19,1239972.0
2016-01-20,1245062.0
2016-01-21,1254462.0
2016-01-22,1250652.0
2016-01-25,1250652.0
2016-01-26,1250652.0
2016-01-27,1250652.0
2016-01-28,1250652.0
2016-01-29,1250176.0
2016-02-01,1250176.0
2016-02-02,1250176.0
2016-02-03,1250176.0
2016-02-04,1250176.0
2016-02-05,1243681.0
2016-02-08,1243681.0
2016-02-09,1243681.0
2016-02-10,1243681.0
2016-02-11,1261981.0
2016-02-12,1259937.0
2016-02-16,1259937.0
2016-02-17,1259937.0
2016-02-18,1259937.0
2016-02-19,1259937.0
2016-02-22,1259937.0
2016-02-23,1259937.0
2016-02-24,1259937.0
2016-02-25,1259937.0
2016-02-26,1259937.0
2016-02-29,1259937.0
2016-03-01,1259937.0
2016-03-02,1259937.0
2016-03-03,1259937.0
2016-03-04,1259937.0
2016-03-07,1259937.0
2016-03-08,1259937.0
2016-03-09,1261332.0
2016-03-10,1261332.0
2016-03-11,1261332.0
2016-03-14,1261332.0
2016-03-15,1261332.0
2016-03-16,1261332.0
2016-03-17,1261332.0
2016-03-18,1261332.0
2016-03-21,1261332.0
2016-03-22,1261332.0
2016-03-23,1261332.0
2016-03-24,1261332.0
2016-03-28,1261332.0
2016-03-29,1261332.0
2016-03-30,1261332.0
2016-03-31,1261332.0
2016-04-01,1261332.0
2016-04-04,1261332.0
2016-04-05,1263262.0
2016-04-06,1263262.0
2016-04-07,1264877.0
2016-04-08,1264877.0
2016-04-11,1271087.0
2016-04-12,1282522.0
2016-04-13,1282522.0
2016-04-14,1282522.0
2016-04-15,1282522.0
2016-04-18,1282522.0
2016-04-19,1283377.0
2016-04-20,1283377.0
2016-04-21,1286662.0
2016-04-22,1291875.0
2016-04-25,1291875.0
2016-04-26,1291875.0
2016-04-27,1295130.0
2016-04-28,1295130.0
2016-04-29,1295130.0
2016-05-02,1301850.0
2016-05-03,1301850.0
2016-05-04,1296574.0
2016-05-05,1296574.0
2016-05-06,1293002.0
2016-05-09,1295737.0
2016-05-10,1296672.0
2016-05-11,1295155.0
2016-05-12,1295155.0
2016-05-13,1294843.0
2016-05-16,1295548.0
2016-05-17,1295548.0
2016-05-18,1290574.0
2016-05-19,1290574.0
2016-05-20,1283082.0
2016-05-23,1289772.0
2016-05-24,1289772.0
2016-05-25,1289772.0
2016-05-26,1289772.0
2016-05-27,1289772.0
2016-05-31,1292642.0
2016-06-01,1295737.0
2016-06-02,1295737.0
2016-06-03,1295737.0
2016-06-06,1295737.0
2016-06-07,1295737.0
2016-06-08,1295737.0
2016-06-09,1306062.0
2016-06-10,1309277.0
2016-06-13,1309277.0
2016-06-14,1309277.0
2016-06-15,1309277.0
2016-06-16,1309277.0
2016-06-17,1307576.0
2016-06-20,1307576.0
2016-06-21,1307576.0
2016-06-22,1306621.0
2016-06-23,1306621.0
2016-06-24,1298862.0
2016-06-27,1298862.0
2016-06-28,1298862.0
2016-06-29,1294439.0
2016-06-30,1294439.0
2016-07-01,1294439.0
2016-07-05,1294439.0
2016-07-06,1292912.0
2016-07-07,1292912.0
2016-07-08,1292912.0
2016-07-11,1292912.0
2016-07-12,1292912.0
2016-07-13,1292912.0
2016-07-14,1292912.0
2016-07-15,1292912.0
2016-07-18,1292912.0
2016-07-19,1292912.0
2016-07-20,1292912.0
2016-07-21,1292912.0
2016-07-22,1292912.0
2016-07-25,1292912.0
2016-07-26,1292912.0
2016-07-27,1292912.0
2016-07-28,1292912.0
2016-07-29,1292912.0
2016-08-01,1292912.0
2016-08-02,1292912.0
2016-08-03,1292912.0
2016-08-04,1292912.0
2016-08-05,1292912.0
2016-08-08,1292912.0
2016-08-09,1292912.0
2016-08-10,1298252.0
2016-08-11,1304617.0
2016-08-12,1304617.0
2016-08-15,1308752.0
2016-08-16,1313352.0
2016-08-17,1312574.0
2016-08-18,1313614.0
2016-08-19,1314524.0
2016-08-22,1314524.0
2016-08-23,1314729.0
2016-08-24,1313773.0
2016-08-25,1313773.0
2016-08-26,1311081.0
2016-08-29,1310619.0
2016-08-30,1310619.0
2016-08-31,1309714.0
2016-09-01,1309714.0
2016-09-02,1308210.0
2016-09-06,1308210.0
2016-09-07,1308511.0
2016-09-08,1309016.0
2016-09-09,1298578.0
2016-09-12,1299811.0
2016-09-13,1299811.0
2016-09-14,1299811.0
2016-09-15,1299811.0
2016-09-16,1320481.0
2016-09-19,1320481.0
2016-09-20,1323806.0
2016-09-21,1323806.0
2016-09-22,1323806.0
2016-09-23,1323806.0
2016-09-26,1323806.0
2016-09-27,1323806.0
2016-09-28,1323806.0
2016-09-29,1323806.0
2016-09-30,1323806.0
2016-10-03,1323806.0
2016-10-04,1323806.0
2016-10-05,1323779.0
2016-10-06,1323779.0
2016-10-07,1323153.0
2016-10-10,1323153.0
2016-10-11,1323153.0
2016-10-12,1323071.0
2016-10-13,1323071.0
2016-10-14,1322369.0
2016-10-17,1322369.0
2016-10-18,1322369.0
2016-10-19,1322369.0
2016-10-20,1322369.0
2016-10-21,1327774.0
2016-10-24,1340104.0
2016-10-25,1341079.0
2016-10-26,1344194.0
2016-10-27,1344194.0
2016-10-28,1342335.0
2016-10-31,1342335.0
2016-11-01,1342335.0
2016-11-02,1338129.0
2016-11-03,1338129.0
2016-11-04,1338129.0
2016-11-07,1337281.0
2016-11-08,1337281.0
2016-11-09,1342971.0
2016-11-10,1342971.0
2016-11-11,1347476.0
2016-11-14,1347396.0
2016-11-15,1347396.0
2016-11-16,1350836.0
2016-11-17,1350836.0
2016-11-18,1350836.0
2016-11-21,1350836.0
2016-11-22,1350836.0
2016-11-23,1350836.0
2016-11-25,1350836.0
2016-11-28,1353001.0
2016-11-29,1355136.0
2016-11-30,1359891.0
2016-12-01,1377131.0
2016-12-02,1378946.0
2016-12-05,1378946.0
2016-12-06,1378946.0
2016-12-07,1379661.0
2016-12-08,1379661.0
2016-12-09,1379661.0
2016-12-12,1379661.0
2016-12-13,1379661.0
2016-12-14,1379661.0
2016-12-15,1379661.0
2016-12-16,1379661.0
2016-12-19,1379661.0
2016-12-20,1389411.0
2016-12-21,1394644.0
2016-12-22,1398494.0
2016-12-23,1399957.0
2016-12-27,1402872.0
2016-12-28,1405517.0
2016-12-29,1405517.0
2016-12-30,1405517.0
2017-01-03,1409427.0
2017-01-04,1422242.0
2017-01-05,1424767.0
2017-01-06,1431142.0
2017-01-09,1433382.0
2017-01-10,1435867.0
2017-01-11,1440817.0
2017-01-12,1443227.0
2017-01-13,1443227.0
2017-01-17,1448131.0
2017-01-18,1448131.0
2017-01-19,1456056.0
2017-01-20,1455425.0
2017-01-23,1457315.0
2017-01-24,1467485.0
2017-01-25,1476405.0
2017-01-26,1488900.0
2017-01-27,1488869.0
2017-01-30,1489869.0
2017-01-31,1489869.0
2017-02-01,1488324.0
2017-02-02,1488324.0
2017-02-03,1488324.0
2017-02-06,1488324.0
2017-02-07,1495064.0
2017-02-08,1495031.0
2017-02-09,1501756.0
2017-02-10,1507661.0
2017-02-13,1512116.0
2017-02-14,1512116.0
2017-02-15,1513016.0
2017-02-16,1513641.0
2017-02-17,1514866.0
2017-02-21,1515791.0
2017-02-22,1515791.0
2017-02-23,1515791.0
2017-02-24,1515791.0
2017-02-27,1515791.0
2017-02-28,1515791.0
2017-03-01,1516816.0
2017-03-02,1517916.0
2017-03-03,1528466.0
2017-03-06,1537396.0
2017-03-07,1548526.0
2017-03-08,1546187.0
2017-03-09,1546187.0
2017-03-10,1545447.0
2017-03-13,1545447.0
2017-03-14,1545447.0
2017-03-15,1551047.0
2017-03-16,1559282.0
2017-03-17,1558920.0
2017-03-20,1569835.0
2017-03-21,1569835.0
2017-03-22,1567680.0
2017-03-23,1567680.0
2017-03-24,1557874.0
2017-03-27,1547351.0
2017-03-28,1552016.0
2017-03-29,1550315.0
2017-03-30,1557425.0
2017-03-31,1561089.0
2017-04-03,1562457.0
2017-04-04,1564777.0
2017-04-05,1565272.0
2017-04-06,1565272.0
2017-04-07,1560434.0
2017-04-10,1553582.0
2017-04-11,1553582.0
2017-04-12,1545369.0
2017-04-13,1537159.0
2017-04-17,1534560.0
2017-04-18,1534560.0
2017-04-19,1532877.0
2017-04-20,1532877.0
2017-04-21,1532461.0
2017-04-24,1532461.0
2017-04-25,1532461.0
2017-04-26,1532461.0
2017-04-27,1532461.0
2017-04-28,1532461.0
2017-05-01,1532461.0
2017-05-02,1546011.0
2017-05-03,1554476.0
2017-05-04,1554476.0
2017-05-05,1568191.0
2017-05-08,1568129.0
2017-05-09,1575059.0
2017-05-10,1579332.0
2017-05-11,1588172.0
2017-05-12,1590982.0
2017-05-15,1590982.0
2017-05-16,1593182.0
2017-05-17,1585588.0
2017-05-18,1601388.0
2017-05-19,1591051.0
2017-05-22,1591051.0
2017-05-23,1591051.0
2017-05-24,1591051.0
2017-05-25,1591051.0
2017-05-26,1591051.0
2017-05-30,1591051.0
2017-05-31,1591051.0
2017-06-01,1591051.0
2017-06-02,1591051.0
2017-06-05,1591051.0
2017-06-06,1594711.0
2017-06-07,1597626.0
2017-06-08,1597626.0
2017-06-09,1597626.0
2017-06-12,1597626.0
2017-06-13,1597626.0
2017-06-14,1597626.0
2017-06-15,1597626.0
2017-06-16,1597187.0
2017-06-19,1597187.0
2017-06-20,1597187.0
2017-06-21,1597187.0
2017-06-22,1597187.0
2017-06-23,1597187.0
2017-06-26,1597187.0
2017-06-27,1598117.0
2017-06-28,1608272.0
2017-06-29,1612657.0
2017-06-30,1624543.0
2017-07-03,1627343.0
2017-07-05,1627343.0
2017-07-06,1628203.0
2017-07-07,1628203.0
2017-07-10,1628203.0
2017-07-11,1628203.0
2017-07-12,1628203.0
2017-07-13,1628203.0
2017-07-14,1628203.0
2017-07-17,1628203.0
2017-07-18,1628203.0
2017-07-19,1628713.0
2017-07-20,1628713.0
2017-07-21,1628558.0
2017-07-24,1628558.0
2017-07-25,1628558.0
2017-07-26,1628558.0
2017-07-27,1628983.0
2017-07-28,1628693.0
2017-07-31,1628693.0
2017-08-01,1628693.0
2017-08-02,1628693.0
2017-08-03,1628693.0
2017-08-04,1628693.0
2017-08-07,1628693.0
2017-08-08,1642998.0
2017-08-09,1643888.0
2017-08-10,1643888.0
2017-08-11,1643888.0
2017-08-14,1652952.0
2017-08-15,1653437.0
2017-08-16,1663868.0
2017-08-17,1663868.0
2017-08-18,1658923.0
2017-08-21,1665743.0
2017-08-22,1665743.0
2017-08-23,1665743.0
2017-08-24,1675968.0
2017-08-25,1670578.0
2017-08-28,1667502.0
2017-08-29,1668292.0
2017-08-30,1666551.0
2017-08-31,1666216.0
2017-09-01,1666216.0
2017-09-05,1664501.0
2017-09-06,1663555.0
2017-09-07,1663555.0
2017-09-08,1662341.0
2017-09-11,1662341.0
2017-09-12,1662341.0
2017-09-13,1662341.0
2017-09-14,1662341.0
2017-09-15,1662341.0
2017-09-18,1662341.0
2017-09-19,1662341.0
2017-09-20,1662341.0
2017-09-21,1662341.0
2017-09-22,1662341.0
2017-09-25,1662341.0
2017-09-26,1662341.0
2017-09-27,1662341.0
2017-09-28,1664701.0
2017-09-29,1664701.0
2017-10-02,1664701.0
2017-10-03,1676996.0
2017-10-04,1688611.0
2017-10-05,1700441.0
2017-10-06,1700441.0
2017-10-09,1705851.0
2017-10-10,1708191.0
2017-10-11,1718926.0
2017-10-12,1718926.0
2017-10-13,1720633.0
2017-10-16,1723588.0
2017-10-17,1723913.0
2017-10-18,1723913.0
2017-10-19,1723913.0
2017-10-20,1723913.0
2017-10-23,1723913.0
2017-10-24,1723913.0
2017-10-25,1723628.0
2017-10-26,1723628.0
2017-10-27,1724083.0
2017-10-30,1723791.0
2017-10-31,1723791.0
2017-11-01,1723791.0
2017-11-02,1723791.0
2017-11-03,1724561.0
2017-11-06,1725296.0
2017-11-07,1725296.0
2017-11-08,1725296.0
2017-11-09,1725296.0
2017-11-10,1725681.0
2017-11-13,1725165.0
2017-11-14,1725165.0
2017-11-15,1725165.0
2017-11-16,1727955.0
2017-11-17,1729170.0
2017-11-20,1729170.0
2017-11-21,1732850.0
2017-11-22,1735765.0
2017-11-24,1740655.0
2017-11-27,1744060.0
2017-11-28,1755860.0
2017-11-29,1758090.0
2017-11-30,1758795.0
2017-12-01,1758795.0
2017-12-04,1758239.0
2017-12-05,1762734.0
2017-12-06,1763806.0
2017-12-07,1776591.0
2017-12-08,1786841.0
2017-12-11,1793446.0
2017-12-12,1803456.0
2017-12-13,1809216.0
2017-12-14,1811146.0
2017-12-15,1811146.0
2017-12-18,1811146.0
2017-12-19,1811146.0
2017-12-20,1811146.0
2017-12-21,1811146.0
2017-12-22,1811146.0
2017-12-26,1811146.0
2017-12-27,1818876.0
2017-12-28,1820876.0
2017-12-29,1820876.0
2018-01-02,1820876.0
2018-01-03,1820876.0
2018-01-04,1820876.0
2018-01-05,1820876.0
2018-01-08,1820876.0
2018-01-09,1825031.0
2018-01-10,1832251.0
2018-01-11,1850116.0
2018-01-12,1861096.0
2018-01-16,1861096.0
2018-01-17,1861096.0
2018-01-18,1861096.0
2018-01-19,1863476.0
2018-01-22,1864871.0
2018-01-23,1868006.0
2018-01-24,1869166.0
2018-01-25,1869166.0
2018-01-26,1878151.0
2018-01-29,1878151.0
2018-01-30,1878151.0
2018-01-31,1868134.0
2018-02-01,1868134.0
2018-02-02,1868235.0
2018-02-05,1740387.0
2018-02-06,1747372.0
2018-02-07,1735260.0
2018-02-08,1735260.0
2018-02-09,1705460.0
2018-02-12,1705945.0
2018-02-13,1708490.0
2018-02-14,1708490.0
2018-02-15,1708490.0
2018-02-16,1708490.0
2018-02-20,1692616.0
2018-02-21,1692616.0
2018-02-22,1692616.0
2018-02-23,1692616.0
2018-02-26,1692616.0
2018-02-27,1692616.0
2018-02-28,1692616.0
2018-03-01,1692616.0
2018-03-02,1692616.0
2018-03-05,1692616.0
2018-03-06,1692616.0
2018-03-07,1692616.0
2018-03-08,1692616.0
2018-03-09,1692616.0
2018-03-12,1692616.0
2018-03-13,1692616.0
2018-03-14,1692616.0
2018-03-15,1692616.0
2018-03-16,1692616.0
2018-03-19,1692616.0
2018-03-20,1692616.0
2018-03-21,1692616.0
2018-03-22,1694876.0
2018-03-23,1738496.0
2018-03-26,1738496.0
2018-03-27,1738496.0
2018-03-28,1738496.0
2018-03-29,1738496.0
2018-04-02,1745669.0
2018-04-03,1748119.0
2018-04-04,1748119.0
2018-04-05,1748119.0
2018-04-06,1747066.0
2018-04-09,1749956.0
2018-04-10,1751266.0
2018-04-11,1749985.0
2018-04-12,1749985.0
2018-04-13,1749985.0
2018-04-16,1749985.0
2018-04-17,1749985.0
2018-04-18,1749985.0
2018-04-19,1749985.0
2018-04-20,1749985.0
2018-04-23,1749985.0
2018-04-24,1749985.0
2018-04-25,1749985.0
2018-04-26,1749985.0
2018-04-27,1749985.0
2018-04-30,1749985.0
2018-05-01,1749985.0
2018-05-02,1749985.0
2018-05-03,1749985.0
2018-05-04,1749985.0
2018-05-07,1749985.0
2018-05-08,1749985.0
2018-05-09,1749985.0
2018-05-10,1749985.0
2018-05-11,1749985.0
2018-05-14,1749985.0
2018-05-15,1752065.0
2018-05-16,1752065.0
2018-05-17,1752065.0
2018-05-18,1752065.0
2018-05-21,1752065.0
2018-05-22,1752065.0
2018-05-23,1752065.0
2018-05-24,1752065.0
2018-05-25,1752065.0
2018-05-29,1772165.0
2018-05-30,1772165.0
2018-05-31,1772165.0
2018-06-01,1772165.0
2018-06-04,1772165.0
2018-06-05,1772165.0
2018-06-06,1772165.0
2018-06-07,1772165.0
2018-06-08,1772165.0
2018-06-11,1773215.0
2018-06-12,1774110.0
2018-06-13,1775010.0
2018-06-14,1775010.0
2018-06-15,1774759.0
2018-06-18,1774759.0
2018-06-19,1776929.0
2018-06-20,1776929.0
2018-06-21,1786394.0
2018-06-22,1797980.0
2018-06-25,1794687.0
2018-06-26,1794687.0
2018-06-27,1794687.0
2018-06-28,1794687.0
2018-06-29,1813584.0
2018-07-02,1842154.0
2018-07-03,1843899.0
2018-07-05,1863979.0
2018-07-06,1863979.0
2018-07-09,1863979.0
2018-07-10,1863979.0
2018-07-11,1863979.0
2018-07-12,1863979.0
2018-07-13,1863979.0
2018-07-16,1863979.0
2018-07-17,1863979.0
2018-07-18,1863979.0
2018-07-19,1863979.0
2018-07-20,1863979.0
2018-07-23,1863979.0
2018-07-24,1863979.0
2018-07-25,1864849.0
2018-07-26,1864849.0
2018-07-27,1862231.0
2018-07-30,1866771.0
2018-07-31,1866771.0
2018-08-01,1866771.0
2018-08-02,1866771.0
2018-08-03,1866771.0
2018-08-06,1866771.0
2018-08-07,1866771.0
2018-08-08,1866771.0
2018-08-09,1866771.0
2018-08-10,1869836.0
2018-08-13,1875611.0
2018-08-14,1879486.0
2018-08-15,1877323.0
2018-08-16,1884638.0
2018-08-17,1884638.0
2018-08-20,1885613.0
2018-08-21,1888408.0
2018-08-22,1900868.0
2018-08-23,1916863.0
2018-08-24,1922213.0
2018-08-27,1922213.0
2018-08-28,1927933.0
2018-08-29,1930833.0
2018-08-30,1948703.0
2018-08-31,1948703.0
2018-09-04,1970933.0
2018-09-05,1978698.0
2018-09-06,1978698.0
2018-09-07,1979703.0
2018-09-10,1979703.0
2018-09-11,1979703.0
2018-09-12,1986007.0
2018-09-13,1998517.0
2018-09-14,2000992.0
2018-09-17,2000252.0
2018-09-18,2002787.0
2018-09-19,2012992.0
2018-09-20,2018222.0
2018-09-21,2035962.0
2018-09-24,2035962.0
2018-09-25,2035962.0
2018-09-26,2033559.0
2018-09-27,2033559.0
2018-09-28,2033457.0
2018-10-01,2032916.0
2018-10-02,2034056.0
2018-10-03,2033607.0
2018-10-04,2033607.0
2018-10-05,2027221.0
2018-10-08,2016550.0
2018-10-09,2016550.0
2018-10-10,1990186.0
2018-10-11,1990186.0
2018-10-12,1950355.0
2018-10-15,1921313.0
2018-10-16,1924178.0
2018-10-17,1901941.0
2018-10-18,1910441.0
2018-10-19,1845531.0
2018-10-22,1847709.0
2018-10-23,1883949.0
2018-10-24,1869444.0
2018-10-25,1885774.0
2018-10-26,1884827.0
2018-10-29,1887092.0
2018-10-30,1908662.0
2018-10-31,1910532.0
2018-11-01,1910532.0
2018-11-02,1910532.0
2018-11-05,1906525.0
2018-11-06,1909095.0
2018-11-07,1909095.0
2018-11-08,1909095.0
2018-11-09,1909095.0
2018-11-12,1907717.0
2018-11-13,1907717.0
2018-11-14,1903875.0
2018-11-15,1905510.0
2018-11-16,1904157.0
2018-11-19,1904157.0
2018-11-20,1904157.0
2018-11-21,1904157.0
2018-11-23,1901913.0
2018-11-26,1901913.0
2018-11-27,1901913.0
2018-11-28,1901913.0
2018-11-29,1901913.0
2018-11-30,1904388.0
2018-12-03,1904388.0
2018-12-04,1904388.0
2018-12-06,1904388.0
2018-12-07,1908253.0
2018-12-10,1913253.0
2018-12-11,1913253.0
2018-12-12,1913253.0
2018-12-13,1914568.0
2018-12-14,1902053.0
2018-12-17,1902053.0
2018-12-18,1905298.0
2018-12-19,1905298.0
2018-12-20,1966913.0
2018-12-21,1995123.0
2018-12-24,1969343.0
2018-12-26,1969343.0
2018-12-27,1977948.0
2018-12-28,1977948.0
2018-12-31,1980378.0
2019-01-02,1980378.0
2019-01-03,1982133.0
2019-01-04,1982133.0
2019-01-07,1982133.0
2019-01-08,1982133.0
2019-01-09,1982133.0
2019-01-10,1982133.0
2019-01-11,1982133.0
2019-01-14,1982133.0
2019-01-15,1982133.0
2019-01-16,1982133.0
2019-01-17,1982133.0
2019-01-18,1982133.0
2019-01-22,1982133.0
2019-01-23,1982133.0
2019-01-24,1982133.0
2019-01-25,1982133.0
2019-01-28,1982133.0
2019-01-29,1982133.0
2019-01-30,1982133.0
2019-01-31,1982133.0
2019-02-01,1982133.0
2019-02-04,1982133.0
2019-02-05,1982133.0
2019-02-06,1982133.0
2019-02-07,1982133.0
2019-02-08,1982133.0
2019-02-11,1982133.0
2019-02-12,1982133.0
2019-02-13,1982133.0
2019-02-14,1982133.0
2019-02-15,1982133.0
2019-02-19,1982133.0
2019-02-20,1982133.0
2019-02-21,1982133.0
2019-02-22,1982133.0
2019-02-25,1982133.0
2019-02-26,1982133.0
2019-02-27,1982133.0
2019-02-28,1982133.0
2019-03-01,1982133.0
2019-03-04,1983738.0
2019-03-05,2001668.0
2019-03-06,2003003.0
2019-03-07,2004408.0
2019-03-08,2003100.0
2019-03-11,2008030.0
2019-03-12,2008680.0
2019-03-13,2024475.0
2019-03-14,2028005.0
2019-03-15,2028005.0
2019-03-18,2047085.0
2019-03-19,2067725.0
2019-03-20,2084320.0
2019-03-21,2090760.0
2019-03-22,2087402.0
2019-03-25,2080574.0
2019-03-26,2107879.0
2019-03-27,2106528.0
2019-03-28,2128588.0
2019-03-29,2128528.0
2019-04-01,2128528.0
2019-04-02,2128528.0
2019-04-03,2128528.0
2019-04-04,2129323.0
2019-04-05,2129323.0
2019-04-08,2129323.0
2019-04-09,2130213.0
2019-04-10,2130213.0
2019-04-11,2130213.0
2019-04-12,2130213.0
2019-04-15,2130213.0
2019-04-16,2130848.0
2019-04-17,2130848.0
2019-04-18,2130393.0
2019-04-22,2130393.0
2019-04-23,2130393.0
2019-04-24,2130393.0
2019-04-25,2130393.0
2019-04-26,2130393.0
2019-04-29,2130393.0
2019-04-30,2131018.0
2019-05-01,2162071.0
2019-05-02,2180376.0
2019-05-03,2182016.0
2019-05-06,2182016.0
2019-05-07,2182016.0
2019-05-08,2173400.0
2019-05-09,2173400.0
2019-05-10,2169040.0
2019-05-13,2134601.0
2019-05-14,2134601.0
2019-05-15,2131937.0
2019-05-16,2140972.0
2019-05-17,2163672.0
2019-05-20,2156941.0
2019-05-21,2158456.0
2019-05-22,2151210.0
2019-05-23,2226870.0
2019-05-24,2213703.0
2019-05-28,2198018.0
2019-05-29,2160618.0
2019-05-30,2186598.0
2019-05-31,2138922.0
2019-06-03,2097092.0
2019-06-04,2100037.0
2019-06-05,2096652.0
2019-06-06,2096652.0
2019-06-07,2096486.0
2019-06-10,2096486.0
2019-06-11,2096486.0
2019-06-12,2096486.0
2019-06-13,2096486.0
2019-06-14,2096486.0
2019-06-17,2096486.0
2019-06-18,2100036.0
2019-06-19,2100036.0
2019-06-20,2100036.0
2019-06-21,2100036.0
2019-06-24,2105666.0
2019-06-25,2128276.0
2019-06-26,2128276.0
2019-06-27,2134781.0
2019-06-28,2134781.0
2019-07-01,2134781.0
2019-07-02,2134781.0
2019-07-03,2134781.0
2019-07-05,2134781.0
2019-07-08,2134781.0
2019-07-09,2134781.0
2019-07-10,2134781.0
2019-07-11,2134781.0
2019-07-12,2134781.0
2019-07-15,2134781.0
2019-07-16,2137376.0
2019-07-17,2141766.0
2019-07-18,2145136.0
2019-07-19,2144453.0
2019-07-22,2144453.0
2019-07-23,2145013.0
2019-07-24,2145013.0
2019-07-25,2145013.0
2019-07-26,2170638.0
2019-07-29,2184503.0
2019-07-30,2184503.0
2019-07-31,2184503.0
2019-08-01,2184503.0
2019-08-02,2184503.0
2019-08-05,2166477.0
2019-08-06,2166477.0
2019-08-07,2152375.0
2019-08-08,2152375.0
2019-08-09,2144320.0
2019-08-12,2122185.0
2019-08-13,2122185.0
2019-08-14,2121780.0
2019-08-15,2162275.0
2019-08-16,2123663.0
2019-08-19,2103893.0
2019-08-20,2103893.0
2019-08-21,2084279.0
2019-08-22,2084279.0
2019-08-23,2066201.0
2019-08-26,2054124.0
2019-08-27,2054124.0
2019-08-28,2054124.0
2019-08-29,2054124.0
2019-08-30,2054124.0
2019-09-03,2054124.0
2019-09-04,2054124.0
2019-09-05,2054124.0
2019-09-06,2054124.0
2019-09-09,2054124.0
2019-09-10,2054124.0
2019-09-11,2054124.0
2019-09-12,2054124.0
2019-09-13,2054124.0
2019-09-16,2054124.0
2019-09-17,2054124.0
2019-09-18,2054124.0
2019-09-19,2054124.0
2019-09-20,2054124.0
2019-09-23,2054124.0
2019-09-24,2054124.0
2019-09-25,2054124.0
2019-09-26,2054124.0
2019-09-27,2067264.0
2019-09-30,2067264.0
2019-10-01,2090014.0
2019-10-02,2090014.0
2019-10-03,2116244.0
2019-10-04,2150404.0
2019-10-07,2150283.0
2019-10-08,2150283.0
2019-10-09,2148223.0
2019-10-10,2148223.0
2019-10-11,2148223.0
2019-10-14,2148223.0
2019-10-15,2148223.0
2019-10-16,2148223.0
2019-10-17,2148223.0
2019-10-18,2148223.0
2019-10-21,2148223.0
2019-10-22,2148223.0
2019-10-23,2148223.0
2019-10-24,2148223.0
2019-10-25,2148223.0
2019-10-28,2148223.0
2019-10-29,2148223.0
2019-10-30,2148223.0
2019-10-31,2148223.0
2019-11-01,2148223.0
2019-11-04,2148223.0
2019-11-05,2148223.0
2019-11-06,2148223.0
2019-11-07,2148223.0
2019-11-08,2148223.0
2019-11-11,2148223.0
2019-11-12,2148223.0
2019-11-13,2149008.0
2019-11-14,2159278.0
2019-11-15,2159278.0
2019-11-18,2160918.0
2019-11-19,2163983.0
2019-11-20,2163983.0
2019-11-21,2163983.0
2019-11-22,2167663.0
2019-11-25,2169863.0
2019-11-26,2170283.0
2019-11-27,2171558.0
2019-11-29,2171558.0
2019-12-02,2168832.0
2019-12-03,2168832.0
2019-12-04,2164608.0
2019-12-05,2164608.0
2019-12-06,2164608.0
2019-12-09,2164608.0
2019-12-10,2164608.0
2019-12-11,2164608.0
2019-12-12,2164608.0
2019-12-13,2176033.0
2019-12-16,2189653.0
2019-12-17,2198698.0
2019-12-18,2201062.0
2019-12-19,2206367.0
2019-12-20,2214242.0
2019-12-23,2221742.0
2019-12-24,2221742.0
2019-12-26,2229832.0
2019-12-27,2233367.0
2019-12-30,2233367.0
2019-12-31,2233367.0
2020-01-02,2262162.0
2020-01-03,2263087.0
2020-01-06,2264777.0
2020-01-07,2268792.0
2020-01-08,2270352.0
2020-01-09,2284542.0
2020-01-10,2294907.0
2020-01-13,2322152.0
2020-01-14,2337042.0
2020-01-15,2343381.0
2020-01-16,2350071.0
2020-01-17,2352291.0
2020-01-21,2353611.0
2020-01-22,2356236.0
2020-01-23,2356236.0
2020-01-24,2353283.0
2020-01-27,2339235.0
2020-01-28,2339235.0
2020-01-29,2330435.0
2020-01-30,2330435.0
2020-01-31,2286747.0
2020-02-03,2268207.0
2020-02-04,2296462.0
2020-02-05,2297862.0
2020-02-06,2297862.0
2020-02-07,2297133.0
2020-02-10,2297133.0
2020-02-11,2299088.0
2020-02-12,2299088.0
2020-02-13,2299088.0
2020-02-14,2299088.0
2020-02-18,2299088.0
2020-02-19,2299088.0
2020-02-20,2299088.0
2020-02-21,2381843.0
2020-02-24,2381843.0
2020-02-25,2381843.0
2020-02-26,2381843.0
2020-02-27,2381843.0
2020-02-28,2305187.0
2020-03-02,2312322.0
2020-03-03,2346617.0
2020-03-04,2292153.0
2020-03-05,2329013.0
2020-03-06,2411895.0
2020-03-09,2293707.0
2020-03-10,2367937.0
2020-03-11,2302728.0
2020-03-12,2302728.0
2020-03-13,2139534.0
2020-03-16,1689310.0
2020-03-17,1704380.0
2020-03-18,1290170.0
2020-03-19,1314090.0
2020-03-20,332107.0
2020-03-23,185087.0
2020-03-24,185087.0
2020-03-25,142903.0
2020-03-26,142903.0
2020-03-27,56696.99999999995
2020-03-30,7526.999999999965
2020-03-31,-50055.00000000001
2020-04-01,-130455.0
2020-04-02,-130455.0
2020-04-03,-155590.0
2020-04-06,-155590.0
2020-04-07,-155590.0
2020-04-08,-155590.0
2020-04-09,-155590.0
2020-04-13,-155590.0
2020-04-14,-155590.0
2020-04-15,-155590.0
2020-04-16,-155590.0
2020-04-17,-155590.0
2020-04-20,-155590.0
2020-04-21,-155590.0
2020-04-22,-155590.0
2020-04-23,-155590.0
2020-04-24,-155590.0
2020-04-27,-155590.0
2020-04-28,-155590.0
2020-04-29,-155590.0
2020-04-30,-155590.0
2020-05-01,-155590.0
2020-05-04,-155590.0
2020-05-05,-155590.0
2020-05-06,-155590.0
2020-05-07,-155590.0
2020-05-08,-155590.0
2020-05-11,-155590.0
2020-05-12,-155590.0
2020-05-13,-153155.0
2020-05-14,-153155.0
2020-05-15,-153155.0
2020-05-18,-153155.0
2020-05-19,-153155.0
2020-05-20,-153155.0
2020-05-21,-153155.0
2020-05-22,-153155.0
2020-05-26,-153155.0
2020-05-27,-153155.0
2020-05-28,-153155.0
2020-05-29,-153155.0
2020-06-01,-153155.0
2020-06-02,-153155.0
2020-06-03,-153155.0
2020-06-04,-153155.0
2020-06-05,-153155.0
2020-06-08,-153155.0
2020-06-09,-153155.0
2020-06-10,-150700.0
2020-06-11,-4115.0
2020-06-12,-8359.000000000005
2020-06-15,-1294.0000000000045
2020-06-16,-1294.0000000000045
2020-06-17,-1294.0000000000045
2020-06-18,-1294.0000000000045
2020-06-19,-1294.0000000000045
2020-06-22,-1294.0000000000045
2020-06-23,-1294.0000000000045
2020-06-24,4495.999999999996
2020-06-25,6600.999999999996
2020-06-26,-6588.999999999967
2020-06-29,-2868.999999999967
2020-06-30,-2868.999999999967
2020-07-01,-2868.999999999967
2020-07-02,-2868.999999999967
2020-07-06,-2868.999999999967
2020-07-07,-2868.999999999967
2020-07-08,-2868.999999999967
2020-07-09,-2868.999999999967
2020-07-10,-2868.999999999967
2020-07-13,-2868.999999999967
2020-07-14,-2868.999999999967
2020-07-15,-2868.999999999967
2020-07-16,-2868.999999999967
2020-07-17,-2868.999999999967
2020-07-20,-2868.999999999967
2020-07-21,-2868.999999999967
2020-07-22,-2868.999999999967
2020-07-23,21786.000000000033
2020-07-24,29376.000000000033
2020-07-27,29376.000000000033
2020-07-28,61901.00000000003
2020-07-29,64091.00000000003
2020-07-30,64091.00000000003
2020-07-31,64091.00000000003
2020-08-03,64091.00000000003
2020-08-04,64091.00000000003
2020-08-05,71081.00000000003
2020-08-06,71081.00000000003
2020-08-07,93166.00000000003
2020-08-10,100516.00000000003
2020-08-11,100516.00000000003
2020-08-12,115216.00000000003
2020-08-13,131726.00000000003
2020-08-14,137721.00000000003
2020-08-17,147036.00000000003
2020-08-18,153776.00000000003
2020-08-19,153776.00000000003
2020-08-20,153776.00000000003
2020-08-21,162171.00000000003
2020-08-24,162171.00000000003
2020-08-25,164436.00000000003
2020-08-26,164436.00000000003
2020-08-27,164436.00000000003
2020-08-28,168426.00000000003
2020-08-31,169666.00000000003
2020-09-01,169666.00000000003
2020-09-02,169666.00000000003
2020-09-03,169666.00000000003
2020-09-04,169666.00000000003
2020-09-08,169666.00000000003
2020-09-09,169666.00000000003
2020-09-10,172921.00000000003
2020-09-11,237976.00000000003
2020-09-14,243851.00000000003
2020-09-15,248266.00000000003
2020-09-16,246815.0
2020-09-17,259635.0
2020-09-18,245028.99999999994
2020-09-21,309099.99999999994
2020-09-22,318864.99999999994
2020-09-23,450428.99999999994
2020-09-24,508363.99999999994
2020-09-25,502555.99999999994
2020-09-28,506085.99999999994
2020-09-29,511185.99999999994
2020-09-30,511185.99999999994
2020-10-01,511185.99999999994
2020-10-02,509211.99999999994
2020-10-05,509211.99999999994
2020-10-06,509211.99999999994
2020-10-07,509211.99999999994
2020-10-08,509211.99999999994
2020-10-09,509211.99999999994
2020-10-12,509211.99999999994
2020-10-13,509211.99999999994
2020-10-14,509211.99999999994
2020-10-15,509211.99999999994
2020-10-16,509211.99999999994
2020-10-19,520986.99999999994
2020-10-20,526517.0
2020-10-21,533372.0
2020-10-22,535047.0
2020-10-23,535047.0
2020-10-26,535047.0
2020-10-27,535047.0
2020-10-28,535047.0
2020-10-29,535047.0
2020-10-30,518543.0
2020-11-02,518543.0
2020-11-03,518543.0
2020-11-04,603473.0
2020-11-05,605353.0
2020-11-06,605297.0
2020-11-09,607962.0
2020-11-10,607962.0
2020-11-11,607962.0
2020-11-12,607962.0
2020-11-13,607962.0
2020-11-16,607962.0
2020-11-17,607962.0
2020-11-18,607962.0
2020-11-19,607962.0
2020-11-20,607962.0
2020-11-23,607962.0
2020-11-24,607962.0
2020-11-25,607962.0
2020-11-27,607962.0
2020-11-30,607962.0
2020-12-01,607962.0
2020-12-02,607962.0
2020-12-03,607962.0
2020-12-04,607962.0
2020-12-07,607962.0
2020-12-08,607962.0
2020-12-09,607962.0
2020-12-10,629757.0
2020-12-11,651627.0
2020-12-14,672252.0
2020-12-15,692617.0
2020-12-16,692617.0
2020-12-17,714582.0
2020-12-18,714582.0
2020-12-21,714582.0
2020-12-22,714582.0
2020-12-23,714582.0
2020-12-24,714582.0
2020-12-28,716297.0
2020-12-29,718737.0
2020-12-30,718737.0
2020-12-31,718737.0
